chroma_stft_mean,perceptr_var,mfcc4_mean,mfcc5_var,mfcc6_mean,mfcc7_var,mfcc9_mean,mfcc9_var,mfcc12_var,mfcc13_var,mfcc14_mean,mfcc14_var,mfcc15_mean,mfcc17_mean
0.42122743,0.005007695,20.631115,183.50931,15.113465,145.1789,-1.5256937,121.08763,67.990746,52.511055,3.6305873,45.081894,2.0391598,-2.6319633
