length,chroma_stft_mean,chroma_stft_var,rms_mean,rms_var,spectral_centroid_var,spectral_bandwidth_var,rolloff_mean,rolloff_var,zero_crossing_rate_mean,zero_crossing_rate_var,harmony_mean,harmony_var,perceptr_mean,perceptr_var,tempo,mfcc1_mean,mfcc1_var,mfcc2_var,mfcc3_mean,mfcc3_var,mfcc4_mean,mfcc4_var,mfcc5_mean,mfcc5_var,mfcc6_mean,mfcc6_var,mfcc7_mean,mfcc7_var,mfcc8_mean,mfcc8_var,mfcc9_mean,mfcc9_var,mfcc10_mean,mfcc10_var,mfcc11_mean,mfcc11_var,mfcc12_mean,mfcc12_var,mfcc13_mean,mfcc13_var,mfcc14_mean,mfcc14_var,mfcc15_mean,mfcc15_var,mfcc16_mean,mfcc16_var,mfcc17_mean,mfcc17_var,mfcc18_mean,mfcc18_var,mfcc19_mean,mfcc19_var,mfcc20_mean,mfcc20_var
661500,0.25911224,0.08724653,0.050873276,0.00046855156,102382.60590773895,15618.78645786845,3580.7533476743906,141558.3126801015,0.12877133018092105,0.0012557791399998486,2.4468616e-07,0.0019600743,2.8753925e-06,0.00039811668,143.5546875,-215.38951,2441.9043,792.5537,-74.63085,323.8186,43.11762,96.33802,-16.800974,70.432495,0.832536,86.573784,-12.406222,148.63512,-2.4623728,114.75176,-11.135722,55.000942,4.273143,69.04054,-6.543058,72.15909,6.1528497,49.43075,-0.82861525,90.237305,7.689977,133.09395,1.7126616,111.03483,3.2457268,74.782,-1.8574435,113.30389,-5.8724246,83.756195,1.5310572,70.63904,2.265259,71.2555
