length,chroma_stft_mean,chroma_stft_var,rms_mean,rms_var,spectral_centroid_var,spectral_bandwidth_var,rolloff_mean,rolloff_var,zero_crossing_rate_mean,zero_crossing_rate_var,harmony_mean,harmony_var,perceptr_mean,perceptr_var,tempo,mfcc1_mean,mfcc1_var,mfcc2_var,mfcc3_mean,mfcc3_var,mfcc4_mean,mfcc4_var,mfcc5_mean,mfcc5_var,mfcc6_mean,mfcc6_var,mfcc7_mean,mfcc7_var,mfcc8_mean,mfcc8_var,mfcc9_mean,mfcc9_var,mfcc10_mean,mfcc10_var,mfcc11_mean,mfcc11_var,mfcc12_mean,mfcc12_var,mfcc13_mean,mfcc13_var,mfcc14_mean,mfcc14_var,mfcc15_mean,mfcc15_var,mfcc16_mean,mfcc16_var,mfcc17_mean,mfcc17_var,mfcc18_mean,mfcc18_var,mfcc19_mean,mfcc19_var,mfcc20_mean,mfcc20_var
-0.2976959614164799,-1.4641632056000435,0.11727543333805633,-1.2194380527109683,-0.7110029656995615,-0.9166705004816441,-1.2598652739192702,-0.629474862092149,-1.19546501087257,0.6018913429034735,-0.5725911737672217,0.21756112519873286,-0.9083431979244952,0.36821848256387757,-0.8114354620212311,0.8513022986599612,-0.7078961342711688,-0.47161055884665537,0.19515617978348054,-3.030953922456761,-0.5033724929440432,0.4097644167847074,-1.0682602183243863,-1.281689835011132,-1.0323135773389132,-1.1662446528937882,-0.5940644580806614,-0.7324435049677827,0.5528119400242254,-1.2030502609168527,0.647191657397813,-0.5002139374515869,-0.8503247449568869,-0.43571083457751286,-0.3457129571552052,-0.07660988261819213,-0.08899491246761662,0.2504542943784292,-0.5900192415232539,0.6432961982960488,0.6749290549954033,1.1802274635179835,1.9844257607215785,1.1459216258081184,1.421219394555883,0.45832200302544474,0.41614146899251886,0.46368798533553635,1.5142434234121191,-1.6498164275397706,0.5829210932909522,1.0281667090946904,0.11861081729824054,0.876279036761759,0.024983571434832985
