length,chroma_stft_mean,chroma_stft_var,rms_mean,rms_var,spectral_centroid_var,spectral_bandwidth_var,rolloff_mean,rolloff_var,zero_crossing_rate_mean,zero_crossing_rate_var,harmony_mean,harmony_var,perceptr_mean,perceptr_var,tempo,mfcc1_mean,mfcc1_var,mfcc2_var,mfcc3_mean,mfcc3_var,mfcc4_mean,mfcc4_var,mfcc5_mean,mfcc5_var,mfcc6_mean,mfcc6_var,mfcc7_mean,mfcc7_var,mfcc8_mean,mfcc8_var,mfcc9_mean,mfcc9_var,mfcc10_mean,mfcc10_var,mfcc11_mean,mfcc11_var,mfcc12_mean,mfcc12_var,mfcc13_mean,mfcc13_var,mfcc14_mean,mfcc14_var,mfcc15_mean,mfcc15_var,mfcc16_mean,mfcc16_var,mfcc17_mean,mfcc17_var,mfcc18_mean,mfcc18_var,mfcc19_mean,mfcc19_var,mfcc20_mean,mfcc20_var
30.0,0.3516389,0.08789829,0.09645111,0.0016814843,394982.62403403525,185080.80268035323,4308.665612755176,2054914.364116699,0.08852969898897059,0.0017010475052790315,8.231581e-06,0.005865405,0.00036567953,0.0020834177,67.99958881578948,-141.90121,3971.5603,543.38556,-2.0873132,343.62827,21.292141,193.68152,3.3676014,120.48308,13.725164,169.41483,9.657272,98.77621,2.0246203,83.99833,3.4106095,97.708435,5.485548,82.687706,-1.2007052,83.13323,-4.860602,52.656975,-3.6260688,49.480183,1.9556446,53.0325,-0.3712761,112.10652,6.9658127,78.62604,-3.105272,68.18463,0.49841815,74.59596,0.36748096,61.005375,-1.2579837,45.348335
